episode,guest,starter,main,dessert,drink,still_or_sparkling,poppadoms_or_bread,christmas_dinner,side_dish
100,Ed Gamble and James Acaster (with special guest genie Claudia Winkleman),Tomato and Basil 3.0 from Atelier Crenn in San Francisco,Beef Wellington from Ron Gastrobar in Amsterdam,"Triple layer chocolate cake with freeze dried raspberries, salted caramel cream, white chocolate ganache, and fondant icing (made by flatmates in 2018), with mother's homemade peanut butter slice cream",Vintage cider (whisky barrel aged) from cider farm in Newquay,Cawston Press Rhubarb (sparkling soft drink) in a jug with crushed Cawston Press ice,Pizza bread fingers with homemade spice rub from Alter (pop-up restaurant in Clapham),,Sesame Noodles from Lucky and Joy with Lao Gan Ma Crispy Chilli Oil
101,Julie Adenuga,,"Ground Rice with Egusi Stew and Tomato Stew with beef, made by mum and dad","Apple Crumble with equal or more crumble to apple, with warm custard on top",Copella cloudy apple juice,still,Poppadoms in quarters with curry and rice on top like pizza,,Plantain
102,Rafe Spall,"Tricolore salad, tuna nigiri, grilled halloumi, hummus with pita, watermelon duck and cashew salad, creamed polenta with mushrooms","Spotted Pig cheeseburger (medium rare) with string fries, porterhouse steak cooked Chicago style, melanzane parmigiana, chicken burrito with guacamole",Ben and Jerry's Caramel Choo Choo,"Two vodka martinis, Diet Coke, Château Latour claret (1990), lager",Sparkling - Robinson's orange squash in fizzy water,Sourdough bread with salted butter and salt,,"french fries, dauphinoise potatoes, pickled cucumber salad, tomato and red onion salad, truffle macaroni, zucchini fritti"
103,Bimini Bon Boulash,Leek and potato soup (Heather soup) cooked by her mum,Parmigiana Party pizza from Purezza,Sticky toffee pudding with hot vegan custard,Chilli salted frozen Margarita,Sparkling,"White crusty roll, warm, with salted vegan butter and a bite of uncooked dough",,Cajun salted fries with vegan garlic mayo and sriracha dip
104,Martin Freeman,Smoked salmon with onions and capers,Prawn and spinach linguini with white wine sauce,Lemon meringue pie,Glass of Pinot Noir and a bottle of Coke with ice and lime,Sparkling,Bread and butter from The Wolseley,,chips
106,Josh Gondelman,"Escarole salad from Rucola with goat's cheese, toasted almonds, and honey elderflower vinaigrette",Lobster roll with butter,Chocolate molten lava cake,Dirty vodka martini with blue cheese stuffed olives,Still water with lots of ice,Wholegrain roll with honey salted butter,,thin French fries with ketchup
107,Joe Wicks,Crispy calamari and truffle arancini with alioli,"Wagyu beef burger with maple cooked crispy bacon and barbecue sauce on brioche bun, with truffle parmesan fries",Sticky toffee pudding with extra toffee sauce and vanilla ice cream,Passionfruit mojito,"Still water with lemon on the side, but also a gin and tonic (double shot of gin with Fevertree Mediterranean tonic, raspberries and blueberries)",Sourdough bread with orange marmalade,,"spicy tuna sushi, yellowtail and prawn tempura with crispy onions"
108,Dan Aykroyd,"pecorino stilton and red pepper jelly, with pappardelle pesto","mixed grill: baby lamb chops with mint jelly, t-bone steak (half inch) with horseradish, roasted chicken with lemon, Yorkshire pudding with gravy, peas, brussel sprouts with maple glaze, garlic mash, rosemary roasted potatoes","mocha dacquoise, lemon squares, black velvet cake, black forest cake, espresso martini with Crystal Head, cigar with Chateau d'Yquem, brandy, or Signal Hill whiskey, two gram Chernobyl pre-roll sativa blunt, plain donuts rolled in butter and grilled","Bar Car martini (Crystal Head vodka with ice chips in tumbler with lemon rind, pearl onion or olive), Chateau Margaux red wine, Paul Myer white Chardonnay, espresso martini with Crystal Head, Patron XO",table water,poppadoms,,"Yorkshire pudding with gravy and peas, Brussel sprouts with a maple glaze, garlic mash, rosemary roasted potatoes"
110,Ross Kemp,Oysters Kilpatrick,Crispy soft shell crab with Szechuan chillies,Baked Alaska,Pinot noir,Still,Afghan flatbread,,baba ganoush and fattoush salad
112,Simon Amstell,"Nachos especial with nut cheese from Manna in Primrose Hill, to share","Pasta with grilled aubergine, spinach, pine nuts (toasted), walnuts (toasted) and pesto",Boyfriend's courgette chocolate cake with vanilla ice cream,Homemade pure kombucha,still,Popadoms (to take home but not eat),,olive oil
114,Shaparak Khorsandi,Jumbo king prawns barbequed by a real Australian (her old nanny),Giant pot of mussels with skinny chips and cold lager,"Chocolate sponge and chocolate sauce pudding from 1980s school dinners served by Edie, the 1980s dinner lady",Espresso martini and doogh,Sparkling water,Bread (bog-standard baguette),,"garlic mush from The Stinky Rose, served by Madonna"
116,Bob Mortimer,"Odeon Cinema hot dog with ketchup and mustard, swirled together","Chicken vindaloo with chips and poppadoms, plus turbot on the side (shallow fried)",Syrup sponge pudding with custard made by his wife,Minus twenty degree citrusy IPA,Still water (bottled),Lukewarm crusts with olive oil and butter,,"turbot, shallow fried"
117,Ainsley Harriot,"Tuna tartare with Osetra caviar, diced avocado, and caramelised chilli rings","Slow cooked lamb with garlic and anchovy, served with cauliflower cheese",Gary Rhodes's bread and butter pudding with crème anglaise,"Gin Martini, extra dry, four olives",Still,Warm bread selection with olive oil and rock salt,,cauliflower cheese
118,Edgar Wright (Live at the Royal Festival Hall),Calamari from Busaba,"Fish and chips from Fission Chips in St. Agnes, Cornwall",Chocolate nemesis cake with ice cream,Gin Martini with a twist of lemon,Still,Bread with garlicky aioli,,sweetcorn from Little Dom's
119,Jamie Oliver,Avocado prawn cocktail,"Curry feast night with crab curry, chicken curry, paneer curry, naan and paratha",Mum's/nan's trifle,"Single malt scotch whisky, triple shot, 52%, with an ice cube",Still,"Poppadoms with dips (coconut dip, garlic and lemon pickle, tamarind)",,Naan and paratha
120,Miriam Margolyes,Chopped liver from Panzer's with Ikea round crispy bread,"Mummy's fried plaice with olive oil and matzo meal, roast potatoes, small frozen peas, braised celery and braised carrots",Coffee and chocolate ice cream from Nardulli's in Clapham,"Virgin Mary, no ice, plenty of Worcestershire sauce, slice of lemon and celery",still,"serious bread, either heavy sourdough or brown bread",,"roast potatoes, small frozen peas, braised celery and braised carrots"
121,Sarah Keyworth,"Crispy duck pancakes with hoisin sauce and cucumber (as close to real duck as possible, all you can eat), plus tapas: triple cooked patatas bravas and chilli and ginger glazed cauliflower","Stolen mac and cheese with three cheeses (cheddar, red Leicester, smoked), bread crumbs mixed with crispy onions on top, and layered with chips","A mouthful of someone else's dessert (any dessert, doesn't matter what it is)","Campo Viejo red wine (bottle, keep them coming throughout the meal)",Both still and sparkling water,Chip cob (bread roll with chips),,Tender stem broccoli with orange zest from Flesh and Bum
122,Meera Syal,Chaat (aloo papri chaat) from Dishoom,Seafood paella from Barcelona beach restaurant,"Eton Mess (Ro-Mess Mangonathan) with passion fruit, chewy meringue, vanilla yoghurt, and summer fruits",Rose lassi from Dishoom,Sparkling,Bread - warm crusty roll or French baguette,,samphire
123,Jeff Rosenstock,"Cold skin noodles from Xi'an Famous Foods, New York",Two slices of Vinnie's Pizza in Brooklyn with pineapple and vegetarian spare rib with a drizzle of sweet chilli sauce,Wattamelon roll from Friendly's,Other Half Green City IPA from Brooklyn,Sparkling water in a metal cup with a third ice,Brown bread from the Cheesecake Factory,,Volcano roll from Soy and Sake New York with wilted spinach
124,Michelle Keegan,Gambas pil pil with freshly made baguette still warm and olive oil,"Pesto linguine from the restaurant in Genoa with the same waiter, side of garlic bread with cheese, and build-your-own chip butty with really good chippy chips, salt and vinegar, curry sauce, gravy, mayo, Warburton's thick sliced bread with Lurpak","Cheese board with Camembert, truffle Brie, apple wood smoke cheese, creamy Gorgonzola, quince, chutney, and raw rosemary sprigs","Pina colada pre-meal, orange cordial during meal, Picanti after main course, bread and butter Chardonnay with dessert",Still,Bread,,"build-your-own chip butty with really good chippy chips, salt and vinegar, curry sauce, gravy, mayonnaise, Warburtons thick sliced bread, and Lurpak"
125,Ed Sheeran,Medium fatty tuna nigiri from Araki,Vodka rigatoni from Bertie Blossoms,Apple strudel,"One pint of Asahi lager on tap in a frosted glass, then a bottle of Burgundy, then a bottle of Bordeaux",Still,Poppadoms with mango chutney,,a bowl of chips
126,Jack Dee,"Grilled oysters with breadcrumbs, garlic, chorizo, spinach, and a couple of raw ones, cooked at the table",Confit duck,Hazelnut roulade with raspberry coulis and vanilla ice cream,"Booze, preferably beer or real ale",Sparkling water,Ciabatta or focaccia,,Pommes parmentier (cubed potatoes sautéed with lardons) and green beans
127,Timothy Spall,"Mezze: ramekins of plain crisps with cubes of cheese, ramekin of peanuts, ramekin of olives, ramekin of Marmite crisp breads, deep-fried artichoke, fish goujons, and a big bowl of Padrón peppers",Oxtail stew with chicken shashlik at the end,"Notarianni's vanilla and chocolate ice cream, banana split, followed by a cheeseboard",Marks & Spencer's fizzy cranberry lemonade and boiling hot Robinsons apple and blackcurrant squash with lemon juice,Sparkling - diet cloudy lemonade (imperial gallon),"Spicy poppadom, plain poppadom with relishes, Spanish bread with olive oil and balsamic, and wife's focaccia in bread bra",,"Fluffy boiled potatoes, crispy roast potatoes, marrowfat peas, nine fatty chips, and Mother's Pride white bread"
128,Miquita Oliver,"A really good salad with radicchio, parsley, dandelion greens, watercress, and sorrel, with Oliver family oysters on the side, served with shallots, mustard, lemon, vinegar, and really good olive oil dressing","Mince and tatties with creamy, mushroomy sauce, peas, and cauliflower cheese with carrots",Hot apple crumble with sultanas and cold single cream (two jugs/wine glasses worth),Syrah red wine in a large wine glass filled to about halfway/the ridge,Still water (Brita filtered),Nutty brown bread in hunks with home-made butter,,Cauliflower cheese and carrots
129,Jason Reitman,"Spicy dumplings from White Bear in Flushing, Queens, New York",Charlie's Back Door green chilli sour cream enchilada dipped in tempura batter,Hungarian pastry kugelhopf,Smoky Old Fashioned from Shokunin in Calgary,Sparkling,Poppadoms,,Pretzel croissant from City Bakery in New York
130,Bridget Christie,Daughter's mackerel tart with 1980s salad and spinach,"Linguine with fresh pesto and pine nuts from Sardinia, with two-and-a-half-year-old daughter sleeping on shoulder",Mum's apple pie with Mirepoix rose goats' milk ice-cream (in separate bowl),Ten lavender cocktails from Soho Hotel,Still water,Cup of tea and slice of buttered toast (after giving birth),,Pete's potatoes (roast potatoes)
131,Sarah Kendall (Christmas Special),"Beef carpaccio with capers, parmesan and rocket, plus nine oysters",Lobster tail spaghetti with a side of roast fatty duck from Chinatown,Coke float (Coca-Cola with ice cream),Coke float,Sparkling,Sourdough (the heel),"Seafood barbecue with snapper, oysters, and prawns",roast fatty duck from Chinatown
132,Harry Hill (Christmas Special),Potted shrimps,Spaghetti vongole,Trifle,Gavi di Gavi,Still,Focaccia with olive oil,"Roast turkey with all the trimmings, devils on horseback",mange tout
133,Tim Key,Baked Camembert with fresh baguette,Chicken xacuti with plain rice,Banoffee pie (eating round the cream),Kingfisher,"Sparkling water (Highland Spring, large bottle with ice and lime)",Poppadoms,,oven-roasted artichoke
134,Charlotte Church,"French onion soup with Gruyère cheese and a massive crouton in the middle, with freshly-picked herbs from the garden",Japanese teppanyaki grill cooked by Stewart Lee and Mariah Carey,"Toasted marshmallows around an open fire with hot chocolate, melted chocolate dipping sauce, and home-grown berries (strawberries, grapes, raspberries, blueberries, and bananas)",Cloudy Bay Sauvignon Blanc,still water from a waterfall in a goblet,"Diverse breadbasket with focaccia with sun-dried tomato and olive, sourdough, seeded bread, and butters including whipped butter and butter with black volcanic salt. Also cheese on a plate on the side.",,green leaves and really salty chips
135,Tom Davis,French onion soup with crouton on top and bottom,Irish boxty with lamb,Grandmother's lemon meringue pie,Coke Zero,Still (Kettering tap water),Tiger bread with salty butter,,Four bags of scalloped potatoes
136,Fatiha El/Ghorri,"Hovis Granary toast with butter, six slices",Tagine with lamb chops and okra with round Moroccan bread,Two Mars ice creams,Ice cold Coke Zero from a glass bottle,still,Round Moroccan bread,,Hummus Beiruti with lamb
137,Michael Schur,"Seafood tower with crab meat, lobster, jumbo shrimp, sushi rolls, hot sauces and mustards",Entire 16-inch pizza with onions from Nino's,Warm chocolate brownie with nuts and a scoop of ice cream,"Makers Mark Old Fashioned with sugar, bitters, a twist, and one big clear ice cube",Still water,"Hearty bread with grains and nuts, warm butter, or pretzel bread",,purple yam with crème fraiche from Jar
138,Dane Baptiste,Dim sum platter from Hakkasan,Elbow macaroni with brown stew chicken,"Chocolate fondant with matcha filling, fruit sorbet, and selection of fruits (melon boats, persimmons, passion fruit, dragon fruit, star apples) all infused with CBD","Dirty milkshake with Oatly strawberry ice cream, oat milk, jam, crushed ice, and double shot of Jack Daniel's honey bourbon",Still water with ice and a slice of citrus,"Poppadoms with mango chutney, lime pickle, and raw onion (white and red)",,fried plantain
139,Nadiya Hussain,Prawns pil pil with crusty bread,Chicken korma and rice,Crème brulee with orange shortbread and raspberries,"Apple, lime and mint no-jito (virgin mojito)","Still water, tepid",Poppadoms with mango chutney and red onion chutney,,Yo Sushi furikake fries
140,Claudia Jessie,Two vegan duck pancakes from Chung Ying's,Vegan Bibimbap from Kimchi Cult with crispy deep fried tofu and kimchi bao on the side,Eight dinky doughnuts from Little Chef and one jumbo dinky doughnut with hot chocolate sauce,Frozen margaritas made by Claudia for her family,,"11p Tesco tear and share bread with sun dried tomatoes, jalapeños and vegan mozzarella",,vegan battered sausage
141,Asma Khan,prawn cocktail,"jalfrezi with toasted white bread and butter, ketchup on top",English trifle,Fentimans ginger beer,sparkling,chapati bread,,"Peas with salted butter, sugar and mint"
142,Morgana Robinson,"Tuna tartare with fresh citrus and sesame snap (crispy, airy, butter tuile-style sesame snap)",Spaghetti vongole,Sticky toffee pudding with ice cream,"Laurent-Perrier champagne, then white wine",Sparkling,Focaccia,,zucchini frite
143,Siobhán McSweeney /,"Crab claws from the summer of 1996 from Termonn Sheen, made by Ogie Maloney, served hot with butter, garlic, lemon and parsley, continuing throughout the meal",Sausage and chips with Chef ketchup (room temperature) from the Skibbereen old folks' home,"Black Forest gateau from the Black Forest, snuck (with sneaking required to obtain it)",Frozen margarita with chilli Dorito dust around the rim,Sparkling water (left open overnight to deflate or from a Soda Stream),"Both - a room made of poppadoms that you can burst through without making dirty, with shards to eat throughout the meal, and Irish soda bread with Bandon Co-Op butter",,
144,Josh Thomas,Mashed roast potato with caviar and crème fraiche,"Eel on rice with barbecue sauce, killed fresh in the blood hut",Hot jam doughnuts from Australia,Chassagne-Montrachet wine,Still,French baguette,,Campari sorbet and compressed watermelon
145,Kiri Pritchard/McLean,"Brussels sprouts with samphire, salt and pepper, gooey stuff from salt and pepper tofu, and vegan cream cheese","Picky bits: steamed rice with belly pork, roasted duck and char siu, prawn dicks (rice paper with king prawn), Linda McCartney fake chicken bucket, with roast garlic mayo, hollandaise, sriracha mayo, vegan honey soy sauce, and tarragon mayo","Dessert sliders with stollen, Dark Matters brownie (cherry), mum's Christmas cake with double marzipan, clotted cream",Dwynwen strawberry beer,sparkling,"bread - brown bread with walnuts, white bread with olives, Guinness bread with salt and olive oil and vegan butter",,Kottu (main sized portion)
146,Jamali Maddix,"Dutch croquette from FEBO in Amsterdam, in a white bread hot dog roll",Alligator and shrimp cheesecake from Jacques-Imos in New Orleans,Trifle,Home-made berry lemonade,still,poppadoms,,hand cut chips
147,Sikisa,scallops and dim sum,pudding and souse with breadfruit,apple and blackberry pie with double cream,June bug from TGI Fridays,Ribena (original),tortilla chips with mild/spicy salsa and guacamole (home-made),,"macaroni pie, brackets home-made"
148,Jarvis Cocker,shrimp cocktail,vegan kebab from Holloway Road,hot rice pudding with cinnamon and raisins,orange wine,lightly sparkling water,Melba toast with a tiny scraping of butter,,Yorkshire pudding with Henderson's relish
149,Adam Buxton,"Anything from Les Ambassadeurs restaurant in Paris, specifically the small artistic dishes served with flourish, such as breast of womble with lattice of fudge fingers or miniature towers with yummy dust",Cauliflower taco bowl,Gu-Zillionaire cheesecake pudding (1.5 times the size),Carlsberg,Still (hard tap water),Garlic naan with twelve pots of mango chutney,,Inari
150,Angela Hartnett,"Puttanesca pasta with chilli, tomato sauce, garlic, fresh basil, capers, black olives, and anchovies","Roast chicken with sage and onion stuffing, lemon, thyme, rosemary, and garlic","Vanilla tart by Gary Usher, followed by Vin Santo and madeleines",Barbaresco Italian red wine from Piedmont,Sparkling,Corrigan's soda bread and focaccia,,"Green beans with fresh almonds, basil, peaches and a mustardy vinaigrette"
151,Rob Brydon,Six oysters with vinaigrette and shallots,"Roast leg of Welsh lamb with gravy, parsnips, carrot and swede mash, roast potatoes, and Yorkshire puddings cooked by Angela Hartnett",Chocolate bomb with salted caramel ice cream and crumbled Cadbury's Flake,"Kir Royale with oysters, then Barolo with main course",Sparkling (San Pellegrino),Sourdough bread with salted butter,,Savoy cabbage and dauphinoise potatoes
153,Joseph Quinn,Steak tartare with dirty martini and side jar from Musso & Frank,"Big, buttery turbot with spinach or broccoli sautéed with oil and garlic, and dauphinoise potatoes",Four madeleines with affogato (pistachio ice cream) and Fernet-Branca,Filthy martini (briny),Still,"Assortment of breads: sourdough, focaccia, and cheesy focaccia with salted butter",,"spinach or broccoli sauteed with oil and garlic, and surprise potatoes (dauphinoise)"
154,Esther Manito,"Meza with baba ganoush, tabbouleh, hummus, and shawarma meat with bread","Prawn vindaloo with chillies, poppadoms, pilau rice, and onion raita","Cheese board with blue stilton, salt crackers and grapes, and lemon sorbet in a whole lemon",Rosé Moët champagne,Sparkling (San Pellegrino),"Poppadoms with lime pickle, yogurt, onion, and desiccated coconut",,saag bhaji
155,Taron Egerton,Mushrooms in a bag from Social Eating House,Lamb madras cooked by his mum,Pecan pie with vanilla bean ice-cream from Windowsill Pies in New Orleans,Saturday Lager by And Union,still,"poppadoms with mango chutney, raita, lime chilli",,"rock shrimp tempura from Nobu London, Park Lane"
156,Amy Gledhill,Chili heatwave Doritos and sour cream dip,"Giant Yorkshire pudding filled with tarragon mash, roast chicken, honey roasted turnips, broccoli (air fryer crispy), garden peas, and seaweed","Rolomarzipifle - trifle in a waffle bowl with marzipan base, icing layer, Rolo yoghurt chocolate, thick set custard, cream, hundreds and thousands, and cherries",Pepsi Max Cherry,"Tap water (squachet with orange and mango flavours, Whitby water ice cubes)",Warm white bread bap with salted room temperature disc of butter with rock salt,,
157,Professor Brian Cox,Martian smoked salmon,"Steak and kidney pudding, chips, peas and gravy",Rarebit with Worcestershire sauce,2008 Dom Ruinart champagne,Sparkling,Poppadoms,,Mushy peas
158,Maisie Adam,"Breaded Brie with cranberry sauce, salad and balsamic vinegar from The Black Swan",Granny's braising steak in the style of Prague goulash,Diane's chocolate orange cheesecake with Maltesers on top,"Chock-work orange (chocolate orange cocktail with vodka, triple sec, chocolate sauce, orange bitters, and half and half)",Still,Poppadoms,,"Curly fries from the curly fries stall at Blackpool Pleasure Beach, served in a bucket and spade"
159,Felicity Ward,Yoghurt explosion from Gaggan in Thailand,Harry's Singapore chilli mud crab,Crème catalana from the European in Melbourne,"Son-in-law egg guy's drink (mint, passion fruit, pineapple and orange juice, possibly ginger beer)",Still water,"Bread with basil leaves, olive oil, buffalo mozzarella and tomatoes",,Greek salad from Corfu
160,Sir Lenny Henry,Hand dived scallops from the Ritz,"Saturday soup (mutton soup with red peas, kidney beans, and hard food - yam, carrots, dumplings, potatoes)","Brioche bread pudding with currants, chocolate, and whisky","Rum punch, Polleni Montrachet white wine",Still,Poppadoms,,"2 ribs, fall off the bone"
162,Matt Lucas,"Matzo ball soup, home-made",Chicken chow mein from Bristol restaurant,Wall's Romantica with whipped cream and an After Eight,Pepsi Max Lime,Still water,Poppadoms,,Yorkshire pudding
163,Rylan Clark,Deep-fried mozzarella with spicy tomato dip,"Four East End pies, flipped upside down with liquor and vinegar",Big pastel de nata,Peroni,Sparkling,"Poppadoms with smooth mango chutney, onion salad and aioli",,macaroni cheese with breadcrumbs
164,Richard E Grant,"A bowl of linguine with fresh white crab meat, medium chilli, coriander, lemon and olive oil","A barbecue seafood platter of lobster, giant prawns from Mozambique or Madagascar, and squid, covered in garlic butter, with a bowl of lemon to squeeze and home-made lemon mayonnaise",Christmas pudding with lychee sorbet,Freshly squeezed orange juice,Sparkling water,Bread with olive oil,,a big tub of home-made lemon mayonnaise
165,Richard Ayoade,Sweet and salty popcorn from North Cross Road,"Lamb madras from Gandhi's in Kennington with pilau rice, half an onion bhaji, brinjal, bhindi bhaji, and Peshawari naan",Fabulous Ice Fires selection of ice creams and a selection of fruit,Grapefruit alcohol-free beer and mango lassi,still,"poppadoms with all the dips on all the sections, no warm tomatoes",,Bhindi Bhaji
166,Paul Chowdhry,Soft-shell crab and deep-fried crispy prawns with chilli sauce,Pick e pepe (Cacio e Pepe) and Pipistrelli di Halloween (bat of cheese),Tiramisu,"Hot toddy with Johnnie Walker red label, honey, lemon, and ginger",Still water,Avocado on toast with anchovies and olive oil,,Chips from the Dorchester with ketchup
167,Rina Sawayama,Cheese soufflé from Le Gavroche,"Beef rolls, dumplings, noodle soup, and wok-fried green beans from Mr. Dragon's Noodle House",Mochi cake with strawberry in the middle from Natural Lawson,Sudachi sour,Still,Joe and the Juice Joe's Club sandwich bread (with thin prosciutto and pesto),,Wok-fried green beans
170,Babatunde Aléshé,Deep fried prawn with sweet chilli sauce from Pappagone,"Caribbean oxtail with party Nigerian jollof rice, salad and coleslaw",Apple crumble with ice cream,Supermalt,sparkling,"Warm, toasted ciabatta with M&S truffle chicken liver pate",,fried plantain
171,Chloe Petts,"Bruschetta (girlfriend menu) / Full mini fry-up with scrambled eggs, beans, sausage, bacon, hash browns, tattie scone, mushrooms, tomato, fried bread, black pudding, white pudding (ghost menu)","Pasta with pistachio pesto, cream and shrimp from A Putia in Sicily (girlfriend menu) / Barbecue: brisket, ribs (pork and beef), burnt ends, slow cooked turkey breast, jalapeno and cheddar sausage (ghost menu)",Tiramisu (girlfriend menu) / Pancakes with crispy bacon and unlimited maple syrup (ghost menu),"Pale ale, then red wine",sparkling,"Bread - sourdough, focaccia, Guinness bread from Café Cecilia, with pats of butter",,"Salad with fennel, orange and dill (girlfriend menu) / Cornbread, mac and cheese, collared greens, Texas toast, frickles, and vinegar-based coleslaw (ghost menu)"
172,Stanley Tucci,Oysters (plain and Rockefeller) with deep fried Vancouver oysters,Lasagne bolognese made by his mother,Blueberry pie with vanilla ice cream,"Vodka or gin martini to start, Villa Spirina white wine, soft red wine",Sparkling (San Pellegrino),Schiacciata with olive oil and salt,,"charred spinach with garlic, olive oil, salt and lemon"
173,Chris Redd (Live at Just For Laughs Montreal),"12 oysters with cocktail sauce, horseradish and lemon",Branzino with angel hair pasta and olive cream sauce,Coconut pound cake with icing (his mum's),Perfect Old Fashioned with Bulleit Bourbon,Still,Bruschetta from Halifax,,Sautéed spinach with garlic and a drizzling of bacon oil
174,Mel Giedroyc (Christmas Special),"Melba toast with mackerel paté, build your own with a whole sleeve of crackers","Pyramid of expensive Scotch eggs: lamb mince Scotch egg from Tubsey and Hyder, one from a Gloucestershire pub, and a black pudding Scotch egg",Pyramid of Ferrero Rocher and Taskmaster exotic sandwich,Pyramid of Bacardi and diet Coke,Sparkling water with a dash of elderflower or essence of raspberry,"Poppadoms with lime chutney, lime chilli, mint chutney, mango chutney","Pigs in blankets, stuffing, bread sauce, gravy, and tin of sweetcorn on a prison tray. Boxing Day sandwich the next day with bread sauce, gravy, stuffing, and cranberry sauce mixed together",Hugh Grant
175,Alex Horne (Christmas Special),"Crisps and dips (Pringles, McCoy's, Taytos cheese and onion or spring onion with chives) and Jules Watson's pork crackling and one hairless pork scratching","Penne pasta with pesto from a jar, Boursin, one Frankfurter sliced, and cheddar. Second main: Jamie Oliver's pork roll from service stations","Mars bar (room temperature, fun-sized)",Moules marinière juice mixed with bread sauce and a glug of Baileys in an engraved pewter tankard at room temperature,Orangina,"Mighty White medium sliced bread with butter, Primula shrimp flavoured cheese spread, and American cheese slices","Bucks Fizz in the morning, scampi and chips (or turkey with all the trimmings), pineapple (played the pineapple leaf counting game), and After Eight mints",a couple of nice and spicy communion wafers
176,Paul Mescal,"Broccoli, potato, and onion soup with double cream, served with O'Donnell's brown bread and Kerrygold butter","Spaghetti carbonara from Puglia with pancetta, egg, and Parmesan","Skillet of half-baked thick cookie dough with a chocolate lava cake on top, poured over with double cream","Sergeant Pepper cocktail (tequila, jalapeño, coriander, pineapple) from the Nomad hotel",,"Sourdough bread with anchovies from BRAT in Shoreditch, and bread with butter (brought by mistake)",,"Chicken wings with buffalo sauce and double fried chips from Elephant and Castle Dublin circa the 2010s, with additional double fried chips from the Nomad hotel with mustard seed sauce"
177,Kathy Burke,Tomato tart from The Ivy with roasted tomatoes and balsamic dressing,Pan-fried sea bass in chilli oil with Kath's continental potatoes,Pete's blueberry pavlova,Cup of tea,still,Cranks wholemeal bread with olive spread,,"A medley of steamed broccoli, spinach and peas"
178,Fern Brady,"Tofu jianbing (Chinese crepe with eggs, hoisin sauce, pickled vegetables, crispy wanton skins, spicy chewy tofu sticks, lettuce, coriander)","Malatang (spiciest level, rice noodles, Chinese savoury doughnuts, eggs, lotus root)",Kardemummabullar (cardamom buns) and fancy single origin chocolate,Baron de Balzac Caringion red wine,Sparkling,GAIL's potato and rosemary sourdough with Quicke's whipped butter,,Bubala confit potato latkes
179,Yotam Ottlenghi,"Semolina gnocchi with Parmesan cheese, Gorgonzola, and nutmeg","Chicken shawarma in pitta with salad, tahini, pickles, and chips",Tiramisu,Black beer (fizzy malt drink),Sparkling water,Sourdough from The Dusty Knuckle with salted butter,,chips
180,Reece Shearsmith,Heinz Oxtail Soup,Christmas dinner,homemade pumpkin pie with single cream,Alpine Dandelion and Burdock,sparkling,"fried egg, peanut butter and jam sandwich",,"haggis, neeps and tatties"
181,Cariad Lloyd,Okonomiyaki from Osaka,"Roast chicken cooked by husband, roast potatoes in goose fat, honey-roasted carrots with herbs, Yorkshire pudding, gravy, mum's boiled carrots and broccoli","Marigold custard with wild Swedish blueberries, bee pollen, and lavender honey from Amass in Copenhagen; Bramley apple soufflé with salted caramel ice cream from The Sportsman; homemade pavlova with raspberries, passion fruit, and mint; raspberry and pistachio frangipane from Mamie Gâteaux in Paris; Italian hot chocolate; homemade Rolos from Hawksmoor; Pierre Hermé macarons (passion fruit and chocolate)",Elderflower spritz with peeled cucumber and mint,Still,Pain au chocolat from Miel,,miso soup made by your sister-in-law
182,Joe Cornish,Bruschetta with tomatoes and olive oil from Rudolf Nureyev's private island off the Amalfi Coast,Fresh grilled fish with chips and salad from a family-run restaurant in Crete,Yorkie biscuit and raisin duo from a newsagent,Coke Zero,Sparkling water in a champagne flute,Bread from Moro with olive oil,,"grated cold carrot with crumbly, nutty shit that makes it delicious"
183,Motsi Mabuse,"Antipasti platter with tomatoes, mozzarella, mushrooms, salami, honey melon with prosciutto, bread, sun-dried tomatoes, and fried zucchini","Schnitzel (thin pork), knife thin with crunchy coating","Chocolate fondant with ice cream or vanilla, and crema catalana to share with husband",Chocolate Block wine from South Africa,Sparkling water with lemon and ice and glitter,"Bread - selection of German breads from bakery, particularly vollkornbrot",,Potato rosti with a little bit of truffle on the side that you can grate on if you feel like it
184,Nick Mohammed,"Tortilla lasagna (Doritos, cheese, jalapenos, sour cream, sauces, chorizo)","Christmas dinner roast with dry lamb, Bisto gravy, minty Yorkshire puddings, rice, leftover Chinese takeaway (beef satay, chicken fried rice, chicken chow mien), pigs in blankets, meatball, stuffed vine leaf, carrots, parsnips, peas, sweetcorn, green beans, roast potatoes, hot pepper sauce, sloppy stuffing, and half a raw white onion with French mustard on green beans and lemon on chicken",Microwaved chocolate fondant with two segments of Terry's Chocolate Orange in the middle,"111 out of 10 Oregon Riesling (very cold) and Coca-Cola, alternating between the two",Still water with ice and Robinson's Orange and Mango Creations,Poppadoms with raita dip and onion salad,,cauliflower cheese or macaroni cheese
185,Florence Pugh,"Tomato tart from The Lemon Tree with basil mush butter, pine nuts, and thinly sliced tomatoes","Stifado stew with chips in a ceramic bowl, granny's Christmas Day goose meat, and dad's confit duck with creamy mashed potato, red cabbage with raisins, and dark gravy","Tiramisu, affogato with Lotus biscuit, Pret banana cake","Elderflower presse from Cafe Coco, dry Belvedere vodka Martini with a twist and no Vermouth, Barolo or Pinot Noir, beer in a freezer glass, another Martini, espresso Martini (not too sweet)",Still,Sourdough with salted butter and Greek tzatziki,,Greek salad
186,John Kearns,French onion soup and aubergine parmigiana,Medium rare butler's steak with chips and poulet au champagne,"Baklava from kebab shop, plain profiterole with hot chocolate poured over it",Pacifico lager,still,Nineties focaccia from Sainsbury's with Anchor butter,,creamed spinach
187,Lily Allen,"Harrods chicken tikka wrap with pomegranate seeds, coriander, fresh onions, fresh chillies","Chicken and yoghurt, rice, moong dal, pumpkin and yoghurt from Afghan Kitchen",Soft-serve ice cream with chocolate sauce from McDonald's,Hendricks gin and tonic with cucumber,"Still water, room temperature, or Robinson's Barley Water with peach flavouring (weak)","Poppadoms with mango chutney, chopped onions, coriander, parsley, mint sauce, and hot red sauce on a mini lazy Susan",,Cauliflower gratin from The Ivy
188,Alex Jones,"Prawn cocktail with crispy iceberg lettuce, triangle bread toast, paprika, and Marie Rose sauce","Corned beef pie with corned beef, onions, mashed potato, and ketchup in pastry","Eton Mess, high quality, sweet, with lots of cream, meringue, and berries","Gin and tonic (Signet gin) with blood orange slice and lots of ice, followed by Bloody Mary (no lemon, with Tabasco, Worcestershire sauce, celery, olives) and Bread & Butter Chardonnay",Still water (but hacked it with gin and tonic),Chip butty (chips in fresh bread with salty butter),,Dauphinoise potatoes from Bob Bob Ricard
189,Róisín Murphy,"Courgette flowers stuffed with ricotta, deep fried with a little drizzle of honey (three flowers), and Risotto Alla Milanese with saffron","Steak tartare with egg yolk, cornichons, pickles, and shallots, shaped like the Barbican",Chocolate mousse from Paris,Krug (vintage) and La Chiara red wine from the Dolcetto grape (Gavi region),Sparkling (Vichy),Bread - German bread selection and sourdough with Irish grass-fed butter,,French fries
190,Kiell Smith Bynoe,Dynamite shrimp from P.F. Chang's,"Confit duck leg with dauphinoise potatoes, honey roast carrots and parsnips",M&S black forest gateau (on his birthday),Cherry vanilla old fashioned,Still,Hard dough bread,,Creamed spinach
191,Paul Feig,Eggplant Parm from La Capannina in Capri,Garlic shrimp from Gardens of Taxco,Butterscotch sundae on a plane with the Bridesmaids cast,Sgroppino,sparkling,chips and salsa from Gardens of Taxco,,ratatouille from Cocotte
192,Helen Bauer,prawn puri,"Domino's large stuffed crust with pineapple, olives, jalapenos, and Parma ham","warm chocolate chip muffin with pistachio and hazelnut ice cream, crushed Maltesers Bunny on top, with a sparkler","Diet Coke from the fountain, and a bottle of Rioja with four rolled cigarettes by Francis","sparkling (Gerolsteiner, medium)",fladenbrot with melted butter from a draught pump,,Fattoush
193,Arlo Parks,"Tomato and burrata salad with basil, olive oil, salt and pepper","Slow-cooked carnitas tacos with guacamole, black beans, coriander and pico de gallo",Pumpkin pie with vanilla ice cream,Fresh orange juice,Sparkling,"Warm focaccia with rosemary, salt and black pepper",,"Mexican street corn (Elote) with cheese, coriander, crema fresca, and butter, on the cob"
194,Tim Minchin,Chicken liver pâté with caramelised onion jam and baguette,Quite rare fillet steak with tenderstem broccoli and Brussels sprouts with bacon,Apricot crumble with ice cream and cheeseboard with sticky wine,"Heavy, dry earth Australian red wine",Sparkling,Bread (warm baguette),,mac and cheese
195,Judi Love,"Seafood platter with scallops, king prawns, yellow tail ceviche, caviar, pickled cucumbers and beetroot","Surf and turf - venison and lobster with sauteed spinach, fondant potatoes and heritage carrots",Thin apple tart from The Ivy with stout punch ice cream,Rose champagne and Chapel Down sparkling white wine (Bacchus),sparkling,"Sourdough bread, not too crispy, with President salted butter",,sauteed spinach and fondant potatoes with heritage carrots
196,Toheeb Jimoh,Gizdodo from Enish,Penne pasta in tomato sauce with assorted meats and something fishy,Carrot cake from dad's work,Bottled Nigerian Fanta,Still water,Agege bread with salted butter,,Beef ragu Mac and Cheese with truffle oil from Balan's
197,Jenny Eclair,"Boneless fish platter with poached salmon dressed 1970s style with olive eyes and cucumber gills, smoked salmon, chargrilled octopus, lobster out of shell, massive prawns with loose shells, Hellman's Light mayonnaise, and crudites with radishes, celery, and cucumber","Spaghetti bolognese with tomato puree, tin of tomatoes, tomato ketchup, slow cooked mince, very light on garlic or none, red wine (Chianti), lashings of parmesan, mayonnaise or Greek yoghurt blob on top","Cheese board with surprise Babybels filled with nice cheese, mature cheddar, fig chutney, Pink Lady apples, port, and Gaviscon chaser","Sparkling water in thin rimmed glass with ice and lemon, tap water on side, ginger beer (Fentiman's or Old Jamaica) in thin rimmed glass topped up throughout meal, chardonnay slush puppy from fridge (three large glasses max, then it stops)",Sparkling,"Scandi basket with crisp bread, dark bread, pumpernickel, and crackers with Philadelphia Light cream cheese",,"Ottolenghi's rhubarb and burrata with pink peppercorn drizzle, and celeriac remoulade"
198,Graham Coxon,"Shrimp cocktail from The Seafood Shack (with horseradish sauce, lettuce, and lemon)",Nasi goreng with chicken satay made by the 200-year-old woman,Toffee pie from school dinners with squirty cream and pouring cream,Erdinger 0% alcohol-free beer,still,"Crusty French bread with butter and salt on a plane with tray down, flown by Dave",,"chip butty with HP sauce, ketchup, vinegar and salt"
199,Celya AB,"Lamb bap bite from the Red Lion in Birmingham, bread dipped in mussel sauce from a French restaurant in Paris, sip of vegetable soup from a pub in Rotherhithe, two sips of Chorba","Ramen with pork, rich and spicy broth, thick noodles, and two tea-stained eggs","Reconstructed tiramisu, Paris-Brest, Sachertorte from Kipferl, peppermint and liquorice tea, Happy Hippo one hour after the meal","Peachy, orangey cocktail with sugar around the glass from a Birmingham fashion show in Digbeth","Sparkling water before the meal (large pint, mostly bubbles with ice, only 4-5 sips), then tap water throughout the meal topped up continuously","Poppadoms and dips from Milan restaurant in Birmingham next to Snow Hill station, bread from Du Pain et Des Idées in Paris with salted and unsalted butter",,"Chicken wings from Shack Fuyu, square of lasagne, pork bao buns, shredded sweet seaweed from Bao, cup of pork ramen"
1,Scroobius Pip,"Pizza Hut garlic bread with cheese (mixed cheese), 4 slices, in the box","Meadsy base pizza (medium, thin crust with cheese encased base, stuffed crust, tomato sauce, ham topping)","Ben and Jerry's ice cream, 3 scoops in order: chocolate fudge brownie, peanut butter cup, and cookie one (half baked or cookie dough)","Scroobius 2018 (Slingsby Rhubarb Gin and Pepsi Max, double measure, flat, with lots of ice)",still (tap water),Poppadoms with 4 Mango Chutney dips,,"Halloumi fries from Camden Market, hold the pomegranates"
200,James Acaster and Ed Gamble with guest genie Rylan Clark,Cheeseburger spring rolls from Disney World and Cull yaw kofte with schmaltz from Mangal 2,Beef wellington for two from Ron Gastrobar in Amsterdam and Skate wing tacos from KOL,Lemon French toast with dolce de leche ice cream from ATARI in San Sebastian and Olive oil ice cream from Quality Chophouse with Christmas pudding gelato from Gelupo,Pint of Timothy Taylor Landlord IPA from The Staff of Life in Todmorden and Frozen Yuzu margarita from Shak Fu Yu,Lime and sea salt kombucha from You and I and Vintage Krug champagne,Bread with salted butter from Ed's wedding and Bread from Kudu with melted butters,,Cold sesame roasted carrots from E5 Bakehouse in Hackney
201,Angela Barnes,Deep-fried haggis with salt and sauce from City Restaurant in Edinburgh,Berliner Leber (calves' liver with apples and onions) and Grünkohl (cabbage) from a German Christmas market,"Hot chocolate sponge with mint sauce served in a school dinner plastic bowl by a dinner lady, with Michael Fabbri eating and David Attenborough commentating, and Mrs Hodders eating peas and salad cream next to her",Jug of husband's chilli margarita with salt rim,Sparkling,"Toutons from Mad Rock Café in Bay Roberts, Newfoundland (deep-fried bread dough with butter and black molasses)",,"Deluxe poutine from Ziggy Peelgood's, Newfoundland (with dressing) and McDonald's hot apple pie"
202,Jimi Famurewa,"Trio of small sandwiches: mackerel peda from Mangal II, Dexter cheeseburger from the Plimsoll, and KFC Zinger Tower burger",Ewa riro (Nigerian stewed beans) with caramelised fried plantain,"Ice cream sundae with toasted rice gelato from Superiority Burger, Wendy's Frosty, hot fudge sauce, Marksman brown butter custard tart crumbled over it, and Happy Endings malted ice cream sandwich, followed by a custardo from Forza Win",Ice cold Orangina,sparkling,Half Babur poppadoms and half BiBi cheese poppadoms with all the dips,,beef suya
203,Paul Foot,Quail and flat champagne aspic,"Wagyu fillet steak, quite rare, with poppadom-flavoured cherry cola sauce","Souffle that changes flavour with every mouthful - rambutan, lychee, passion fruit, dragon fruit, violet, rose, bubblegum, sour cherry, and Green Cola sour cherry flavour","Pornstar Martini (on arrival with a shot of quail and flat champagne aspic), Pineau des Charentes, Campari and soda, Sherry, Chardonnay, Riesling, Bubblegum juice, Light red wine, Heavy red wine, Chartreuse, Chambord, Full-fat milk",Still,"Poppadoms with all dips (mango chutney, lime pickle, raita, onion) plus a cherry cola-flavoured poppadom sauce that looks like crushed poppadoms",,Dover sole sashimi
204,Carol Vorderman,"Three scallops with the roe in their shells with garlic butter and onions, followed by big butterflied prawns with onions",,"Afternoon tea (tiered with dry ice, sandwiches removed) with mini Eton mess, mini trifle, lemon meringue, ice cream, and Viennese whirl dipped in chocolate",Margaux red wine and Bollinger champagne,Sparkling water with a jug of fresh lime juice,Bread with yellow Welsh butter and salt crystals,,"Lovely tomatoes and red onions, and mashed potatoes with microwaved sprouts, salt, pepper and Welsh butter"
205,Jordan Gray,Burrata Caprese salad from Gaucho's in Soho,"Chicken kebab, chips with burger sauce, and cheeseburger from Orsett Best Kebab","A pound's worth of lemon sherbet in edible sugar paper like a gyoza, with the Pussy Pig poured over it",Pussy Pig (Jägerbomb with Pussy energy drink),Sparkling water,Banana naan,,Bombay potatoes
206,AJ Odudu,"Homemade cheese on toast with mature cheddar, seeded brown bread, salted butter, and tomato","Starch with ogbono soup, cooked in Nigeria on mum's veranda","Custard and cake, brought at midnight by her dad",Rum and coke at an airport Wetherspoons before a flight,Still - Blackburn tap water from mum's kitchen tap,Poppadoms - tuna mayo with cucumber on poppadom,,Creamed spinach
207,Nick Frost,Meat fruit from Dinner by Heston Blumenthal,"Slow-roasted belly of pork with crackling, roast potatoes, Dutchman's dicks (carrots), gravy, apple sauce, Yorkshire pudding, and cheesy leek gratin",Heavily crumbled apple crumble with ice cream on the side,Fanta Zero,Sparkling water with loose-skinned Japanese lime,Bread with salted butter,,cheesy leek gratin
208,Izuka Hoyle,Bruschetta,"Nigerian jollof rice, assam goat meat, porridge yam, puff puff, plantain","Giant pick and mix with American sweets (sour fizzy sweets, pencils, wheels, gummy sweets, giant strawberries, squishy strawberries) with Biggie Smalls in New York in the 1990s, Fanta Frozen (raspberry or cherry and raspberry blend)","Strawberry daiquiri, Californian Cabernet Sauvignon, Rioja from Spain",Still,Irish soda bread with Kerrygold butter,,side salad from Sienna and prawn tempura sushi from Renee
209,Dr. Maggie Aderin/Pocock,Jollof rice with dodo (fried plantain),"Roast pork with crackling, apple sauce, roast potatoes, parsnips, Brussels sprouts, pigs in blankets, all inside a giant Yorkshire pudding","Lemon meringue pie from Las Arena, Chile with Chilean champagne",Prosecco,Still water (really cold),"Crusty bread with salted butter, loads of salted butter",,tomato consommé
210,Paapa Essiedu,Taco al pastor from a Mexico City street vendor,Red Red (Ghanaian black eyed bean stew with fried sweet plantain),Freshly made Percy Ingles sugar ring doughnut on a bed of Biscock rock ice cream from Romeo & Giulietta,Sgroppino from Forza Wine,Still water,Warm bread with herby salted butter,,patatas bravas from Bar Tomas in Barcelona with a little beer and a little sausage
211,Steve Coogan,"Pea soup with white pepper, chunky with broken down peas","Broccoli, garlic, chilli pasta made by his daughter","Rhubarb dessert with rhubarb done four different ways (rhubarb jelly, blitzed rhubarb, sliced rhubarb) from Hipping Hall, or trifle","Room temperature Bitter, hand-pumped from a pub, 3.6-3.8% alcohol",Room temperature still tap water (Northern tap water preferred),Warm Irish soda bread with butter made by any working class Irish woman,,"fresh tomatoes with olive oil, salt and pepper, fresh white bread. Maybe some mozzarella if you're feeling like it"
212,Garth Marenghi,"A very large prawn cocktail with prawns that I have seen and selected myself, with flecks of lobster and crab","Beef - a piece from every part of the carcass (heart, guts, but not the balls), medium rare except the heart which should be rare","Kedgeree with lots of curry powder, followed by Pepto Bismal and an after-dinner mint",One goblet of soft wine and one goblet of hard beer,,Five poppadoms with all the dips,,turducken
213,Harriet Kemsley,"Six pan fried scallops with lemon, salt, and chilli",Podana pizza with hole in the middle and salad,"Chocolate Guinness cake with cherry Garcia Ben and Jerry's ice cream, ice cream Chewits, and strawberry Quality Street",Hun sauvignon blanc in a can,Sparkling,Focaccia with olive oil and balsamic vinegar,,"James Jules and the Giant Peach waffle from Utter Waffle (caramelised peach, cinnamon frosting, cream cheese, and veggie bacon)"
214,Steve/O,"Pickled Onion Monster Munch, vegan, double-coated",Chilean sea bass,"Either no dessert or every dessert in the world, with salted caramel being a priority option","Virgin Bloody Mary (no alcohol, just the mix) with Steve-O's Hot Sauce For Your Butthole",Sparkling Thames water,Carrots and hummus with Steve-O's Hot Sauce For Your Butthole,,pureed mash potatoes with Steve-O's Hot Sauce For Your Butthole
215,Paul Rudd,Caesar salad,"Roast beef, Yorkshire puddings, roast potatoes, green vegetables, and gravy","Perfect slice of cheesecake with black coffee, and sour Santas with Clodhoppers",Pint of Guinness poured by the Brew Master,Still,Unexpectedly hot roll with butter,,thick cut chips
216,Dawn French,"Thinly sliced ripe pear with magic ham (Iberico) and balsamic drizzlette, with crushed roasted walnuts available in the centre of the table","Beef skirt pasty made by her mother (traditional Cornish pasty with beef skirt, onion, potato, turnip/swede, salt and pepper)","Assiette of desserts: tiramisu, lemon meringue, chocolate mousse, pistachio cannoli, and a segment of Terry's Chocolate Orange, served with black coffee",Castledore Fowey Valley Cider,Sparkling,Satan's cheese bread (the devil's cheese bread from the deli),"Christmas Eve beans on toast with grated cheddar cheese and salad cream on the side, with optional Marmite on the toast beforehand, chopped into little squares. Her husband's version includes curry powder in the beans.",string fries with ketchup and mayo mixed together
217,Ross Noble,"Steak tartare with egg on top, main-size portion","Crispy duck with pancakes, spring onions, hoisin sauce in a gravy boat","Crumble roulette (32 different crumbles on a roulette wheel), crumble roulade, Wall's Viennetta, cream, jug of molten chocolate, and a Quooker tap that dispenses hot custard",Rhubarb Cawston Press,Sparkling water with one large bubble and a drop of lime cordial,Poppadoms with sauces,"Turkey, chicken, Brussels sprouts, long pigs in blankets (like bacon tacos with sausage), side of chicken wings",chicken wings
218,Jada Pinkett Smith /,Green salad with a mango vinaigrette,Veggie burger from Houston's in Memphis,Taiwanese pineapple cake vegan ice cream from Dear Bella,Lavender lemonade with vodka,"Still with a twist of lemon and one ice cube, but sparkling with a twist of lemon and one ice cube if fancy",Monkey bread with melted honey butter,,OG McDonald's French fries
219,Jamelia (Live) /,Curried chicken fried dumplings,Hot pot from Haidilao with prawn mash and hand-made noodles (if brave enough),"Deconstructed apple crumble with custard foam, sponge sugar inside a chocolate sphere with smoke coming out of it",Sexy juice and carrot juice,Still water (Evian in a sealed plastic bottle),"Bread (warm, with rosemary and salt, olive oil and balsamic for dipping)",,Fried plantain
220,Peter Capaldi /,calamari,spaghetti carbonara,Panettone bread and butter pudding with custard,ginger and elder flower from Floral Hall,tap water,bread,,rocket salad with parmesan shavings
221,Elis James (Live) /,"A big plate of Cumberland sausages cooked to dark brown perfection (like one minute before Elvis burns them in Fireman Sam) for the table, with ketchup. Also salmon sashimi with pickled ginger.","Sea bass with steamed spinach with nutmeg, green beans, Tenderstem broccoli, and dauphinoise potatoes, plus a 50p-sized disk of steak with English mustard","Little Chef's Mississippi mud cake, cold","V60 hand-brewed coffee made with Panamanian Geisha beans made by James Hoffmann, a can of Grolsch, and a pint of Ribena",Still,Crusty French bread from a 1983 Tesco packet,,"a box of Milk Tray, third tier just Turkish delight"
222,Nabil Abdulrashid /,Mixed meat and fish Balangu with masa bread,Miyan Taushe with ground rice,Shahi Tukray,Zobo,still,roti canai with curry,,Moi moi
223,Mathew Baynton (Live) /,Fennel and apple salad from Irvine Bar and Grill,Cacio e pepe pasta from The Local in Los Angeles,Custard doughnut (krapfen con crema) from Italy,"Vieux Carré cocktail at the bar, Norton Torrontes white wine with the meal, gin with elderflower liqueur and lime as water course replacement, Amaro digestif at the end","Still water with ice from a tap, medium hard water",Sourdough from Bread by Bike with hummus at the end of a bike ride in the park with his children,,"Chips with three sachets of salt, lots of vinegar, and a tub of mushy peas from No Catch in Brighton"
224,CMAT /,"Battered artichoke with parmesan and battered broccolini and broccoli, served on a plank",Risotto with poached salmon and mussels from L'Restaurant 24 in Paris,Christmas bread and butter pudding à la Nigella Lawson with steaming hot custard,Chablis,still,French baguette with a flight of Bordier Butter,,Butter beans cooked in stock and butter
225,Susan Wokoma (Live) /,"Unlimited rock oysters with lots of Tabasco, a bit of vinegar and a wedge of lemon, presented on a 30cm shatter-proof ruler",Truffle pasta from Paoli in Florence and okra soup,"McFlurry with McDonald's chips dipped in it, served by a man who walks in and says 'You're welcome'","A Craig David (tequila with pineapple juice chaser, or a long version with a single or double tequila and orange juice)",Sparkling water,"Warm, soft bread with creamy, almost melted butter, in a basket with a variety of breads including raisin bread and sourdough",,
226,Noel Fielding /,"A bowl of peeled lychees, with a gerbil wearing lychee boxing gloves to wash the inside of his organs with lychee juice for a couple of days",The famous Ambrosia burger from Nepenthe in Big Sur,School Gypsy tart with butterscotch Angel Delight as a sauce,A pint of the ends of 10p lemonade ice poles from when he was a kid,Liquefied Party Rings from the 1970s and 1980s,Homemade garlic bread made very strong with six cloves of garlic,,
227,John Robins (Live) /,"George Egg's cuppy egg on veggie haggis with craft cheese slice, Kismet Mr Naga sauce, and mocha pot coffee with evaporated milk","Schwartz's Deli salt beef sandwich, lean, with white bread and pickles on the side",Blonde bombshell white chocolate gateau from Heritage cafe,Arthur's Seat coffee in a chilly bottle with oat milk and pastries,still water,"crusty, doughy, white bread like focaccia with chunky salt crystals and rosemary, dipped in olive oil and balsamic vinegar",,
228,Ray Winstone /,"Dressed crab with lemon, seafood sauce, and cockles",Tempura Dover sole from Lampara,Crème brûlée,Vodka and coke with ice and a slice of lemon,Sparkling,"Light, crispy bread with olive oil",,
229,Sam Campbell (Live) /,Pepper Crunch sandwich from Crunch & Co in Brighton,Biang biang noodles from Xi'an Impression near the Emirates Stadium,Sponge roll with vanilla ice-cream,Wimmers Portino,sparkling,poppadoms,,
230,Nisha Katona /,Spaghetti ricci di mare (spaghetti with sea urchins),Fish head hot pot from Pang Pang,"Japanese soufflé pancakes Biscoff from Hefaure with tahini and date molasses ice-cream from Honey & Co, and a side of gammon and pineapple",Kinako kuromitsu latte from TSUJIRI and Trappist banana beer,Plum flavoured drinking vinegar from Ducksoup,"Pao de queijo (Brazilian cheese bread), Irish soda bread, and the inside of a croissant",,Roast potatoes and KFC hot wings
231,Iain Stirling (Live) /,Cheesy truffle risotto from Es Pati,Spaghetti bolognese with an offensive amount of pasta cooked by his mum,"Floating pillow with cheeseboard (Cheddar, Stilton, Manchego, Emmerdale, Babybel, Brie, and smoked cheese), plus Dairylea Dunker","Guinness from the Harbour Bar in Bray, Dublin",,Keema naan from Mother India with blended chicken pakora,,Haggis bon bons from Angels with Bagpipes
232,Stuart Laws /,Warm slice of cherry pie with black coffee,"Lamb madras with poppadoms, onion bhajis, and steamed rice from Malik's","Build-your-own sundae with raspberry ripple ice cream, vanilla ice cream, honeycomb, marshmallows, raspberry sauce, chocolate sauce, brownie bits, cherries, and salted caramel, Biscoff, and cherry ice cream scoops",Old fashioned with a massive ice cube from the Olympic Hotel in Seattle,Still water,"Seeded sourdough toast with salted butter, marmalade, and strawberry jam from Rickmansworth Aquadrome Café",,"Buttermilk chicken sliders with hot sauce and pickles, and roasted Brussels sprouts with balsamic reduction and bacon from the Gingerman"
234,Johannes Radebe /,Vetkoek with snook fish and polony,"Tripe, samp and beans",Malva pudding,Prosecco with a shot of lychee liqueur,Sparkling,Focaccia with olive oil and salt and a vanilla latte,,Calamari
235,Amelia Dimoldenberg (Live) /,"Tzatziki from Lemonia restaurant in Primrose Hill, London","Pasta pomodoro from the Italian restaurant in Nara, Japan",Cadbury Freddo chocolate dessert,Aperol Spritz,Tap water from grandparents' shower in Manchester,"Smooth bagel, toasted on setting 3 with Lurpak",,six Morley's chicken nuggets with ketchup
236,Finn Wolfhard /,bone marrow on focaccia from Annabel's Pasta Bar,soy broth ramen from Yokohama,Dunbar Blizzard from Dairy Queen,Chi Chi Colada from Parson's Chicken and Fish,still,sourdough from Baker Street Bakery with salted butter,,chicken nuggets from Parson's Chicken and Fish with honey mustard and ranch dip
237,Lucy Beaumont (Live) /,"Little Aunt Bessie's Yorkshire puddings filled with intense cottage pie and gravy, and little Yorkshire puddings filled with mushroom soup and half red pepper, half yellow pepper soup","Meatloaf with mash, green beans, and creamy gravy","Banoffee pie with miracle whip, a posh Wagon Wheel with better chocolate and crushed Hobnobs biscuit, and salted caramel, chocolate, raspberry ripple, and vanilla ice-cream with sprinkles",Margarita with half salty rim,Still water with a wedge of lemon,Jackson's bread (to bite the middle out of slices) with beef fat candle butter,,
238,Katy Wix /,Plate of chips from Ruby Chips in Ely,Spaghetti carbonara from Florence,"Three tier cake stand with giant strawberries and white chocolate buttons, small piece of cheesecake, and apple crumble",Diet Coke,Still,Dean Street Townhouse bread with Welsh salted butter,,A small cold lasagne
239,Jessica Knappett (Live) /,"Prawn toast with black sesame seeds from a high-end Chinese restaurant with sweet and spicy dip, plus crispy seaweed",Bastard cake (Jude Knappett's pasta bake),"Sticky toffee pudding with ice cream, followed by cheese trolley with Stilton or Yorkshire blue, Camembert or Brie, and Manchego or Comté or Pepperino",Spicy margarita,Still (Yorkshire tap water),Poppadoms from the Shama Bingley in 1998 with dips,,Sichuan-style green beans with minced pork
240,Killer Mike /,"Cajun shrimp from Spondivits, collard greens and cornbread","Bone-in ribeye steak, medium, with blackening seasoning","Carrot cake, lemon meringue pie from Edwards, Shay's peach cobbler",Killer Peach (peach-infused moonshine),Still water with lemon and lots of ice,,,"garlic mashed potatoes, big baked potato"
241,Mike Wozniak (Live) /,"Gooducken ouffle surprise (chicken in a duck in a goose, souffléd, with a toy inside)",What they're having (Uncle Phil's fajitas),"The piece of shame (last slice of cake from a Ruby anniversary celebration, tractor-beamed from a family event)",Ouzo and a pint of Old Thumper,Fizzy lifting water,Maximum poppadom with maximum chutneys,,Alphabites
242,Carrie Brownstein /,"Wedge salad with blue cheese dressing, blue cheese crumbles, cherry tomatoes, and bacon crumbles","Eight to ten homemade tacos (hard shell and soft shell), heavy on dairy (sour cream and cheddar cheese), light on protein, with a side of spaghetti bolognese",Ruby Jewel mint ice cream sandwich (mint ice cream with chocolate cookies),Old fashioned with rye,still,"Bread from Dos Hermanos in Portland (round loaf scored into little rolls, with olive oil)",,Bluefin Toro nigiri sushi from Nozawa in Los Angeles or Sushi Park
243,Joe Wilkonson (Live) /,"Prawn cocktail - thinly sliced iceberg lettuce, frozen prawns that have been defrosted, tomato puree mixed with mayonnaise, paprika, and a slice of lemon for decoration","Two Chicken Kievs, chips, and peas",Plain Viennetta,Mango Magic,Still (tap water from Ed's garden tap),Crusty bread that doesn't fill you up,,more peas in a ramekin
244,Sara Barron /,"Dream plate of nachos with guacamole, sour cream, salsa fresca, fresh jalapeno, and homemade tortilla chips made by her brother","Pastrami on rye with sauerkraut and dressing from Katz Deli in New York, with a side of seafood chowder from the Holiday Inn in Belfast (2018)",Lemon and coconut ice cream in a lemon shell,Espresso Martini,Still water,Sourdough bread with olive oil and sea salt,,Broccoli rob with chilli and ricotta
245,Tommy Tiernan (Live) /,The smell of your own brain sizzling in a pan,"Roast potatoes, roast parsnips, honey glazed carrots (burnt so they're annoyed at you), with a chicken in the shape of a baby if possible, and a glass of whiskey that's too expensive",A bowl of honeycomb ice cream,A glass of fruity poitín,Still - water from the river in the Valley of the Mad,A hint of a poppadom with all the dips,,poisonous slash magic mushroom pizza
246,Karan Gokani /,"Duck pancakes with chilli oil, fresh red chillies, soy sauce, spring onion, cucumber, and hoisin sauce",Lamprais,"Massive sundae with chocolate ice cream, peanut butter ice cream, cookies, brownies, salted cashew nuts, and hot fudge sauce","Sparkling water with bitters and grapefruit wedge, with a sip of Negroni",Sparkling,"Papads made with black lentils and black pepper, served with coriander chutney mixed with yoghurt",,Chilli cheese French fries from Shake Shack
247,Ardal O'Hanlon (Live) /,24 oysters with shallots and red wine vinegar,"Stinky beef with normal trimmings, cauliflower cheese sauce, roasted sprouts with parmesan and balsamic, honey glazed carrots, and Yorkshire pudding","Rhubarb crumble with rhubarb ice cream, followed by a cheese board with aged Gouda, Stilton, and Mont d'Or",1965 Château Latour from the rich man's cellar,still,poppadom-sized Skips,,roast sprouts with parmesan and balsamic
248,Huge Davies /,Crispy aromatic duck pancakes,Spaghetti Bolognese,Battered KitKat Chunky Peanut Butter with vanilla ice cream,Lilt,still,Pizza Express dough balls (doppio),,Greggs festive bake
249,Rhys Nicholson /,Anchovy toast from Carlton Wine Room and one oyster and a half Martini from Bar Margaux,Fried chicken burger with slaw and chipotle mayo in a potato bun with curly fries,A mouthful of everyone else's dessert and a mint Fernet-Branca digestif,"Very cold, dry Austrian Riesling",Sparkling,Warm sourdough with brown butter,,restaurant-y green salad and a cucumber salad
250,Patti Harrison /,Spaghetti with red sauce (arrabiata or puttanesca),3D printed chicken congee,Tapioca with server doing Donald Trump impression saying 'You're fired',"Bloody Mary with 30-inch skewer with cornichons, pickled onions, lab-grown shrimp, cocktail sauce, curly fries, phone holder",Sparkling water,Sourdough outsides (insides discarded),,Fingerling potatoes with garlic
251,Helen Skelton /,"Prawn cocktail, old school","Roast chicken dinner with stuffing, roast parsnips, and gravy",Jelly with tangerine segments,Kir Royale,Sparkling,Five poppadoms with mango chutney,,Corn on the cob with butter
252,Jason Mantzoukas /,Shrimp cocktail,"Fillet steak, medium-rare","Vegan ice cream or sorbet (vanilla and chocolate), coffee",Rosé,Still,Sourdough bread,,"Mother's Greek stuffing (shadow), Mother's lemon potatoes (main), with grilled broccoli on both"
253,Sophie Willan /,Potato cake from Ye Olde Pasty Shop with cheese and potato pasty and meat and potato pasty,"Steak pudding, chips, mushy peas, red cabbage and gravy from Olympus Chippy with fizzy vimto","Bread and butter pudding made by granddad (GDog) with sliced white bread, butter, currants and raisins",Margarita from Mallorca boatel,Sparkling,Crumpet loaf with butter from Greenhalgh's,,black peas
254,Michelle de Swarte /,Triple melon Lost Mary vape and three cappuccinos in Rome at the Trevi Fountain in the evening with a glass of water,American Southern mac and cheese,"Cheese board with crackers, crostinis, and bread",Orange Lucozade,Still water from a glass bottle,Both poppadoms and bread,,"skin on, diner style chips"
255,Saoirse/Monica Jackson /,"6 oysters from Ireland with vinaigrette from The Italian Fish Club in Liverpool, 3 Tabasco sauces (dark, green, and red), lemon, shallot, and 4 langoustines with garlic butter","Lamb chops from The Devonshire with herby sauce and chimichurri, cheesy leeks, goose-fat chips, and a bowl of rocket","Knickerbocker Glory from Florentini's in Derry with soft-serve Italian ice cream, smashed Flakes, red and green jelly, Smarties, sweets, strawberry sauce, chocolate sauce, green apple sauce, and two Flakes on top",Montepulciano,sparkling,"poppadoms with Frank's buffalo sauce, lime pickle, green herby dip, yoghurt dip, and sanbao",,truffle jalapeño mac and cheese
256,Hammed Animashaun /,chilli-salted corn ribs,Beef Wellington with potato mash and tender-stem broccoli,Mr Kipling's apple pies (two) with hot custard,Guinness,still,warm white sourdough bread with salted butter,,mango salad
257,Amy Annette /,"Mortadella three ways: cicchetti with mortadella, Italo sandwich with mortadella (roasted chicken with rosemary, aioli, vinegar mayonnaise on focaccia, substituted with mortadella), and mortadella rolled up like a rose on a charcuterie board with various Italian and Spanish cured meats including Jamon Iberico","Beef tartare with egg yolk, diced shallot, mustard, capers, thin toasts, thin chips, and a thin salad with punchy mustard vinaigrette",Mixed chocolate and banana crepe from La Creperie de Hampstead with milk and white chocolate buttons and banana sliced diagonally,"Sicilian white wine, ideally from near Mount Etna, such as Catarratto",still,bread,,Grape salad supreme
258,Phil Dunster /,"Burrata starter, straight up with nothing on it",Rapid Ragù (lamb and pancetta with Marsala),Sticky toffee pudding with hot custard,Coke Zero,Sparkling,Garlic-y cheesy bread with rosemary,,roast squishy potatoes
259,Will Ospreay /,garlic bread flatbread,Japanese A5 strip steak from Wolfgang Steakhouse in Japan and A5 strip steak from Las Vegas,chocolate brownie with vanilla ice cream,double vodka and Coke Zero,still,poppadoms with smooth mango chutney,,Sweet potato mash
260,Rachel Stevens /,"burrata with balsamic glaze, fresh tomatoes, and basil",lobster and chips,"apple crumble with boiling hot vanilla custard, and sticky toffee pudding with freezing cold vanilla ice cream",glass of white wine with a cube of ice,still,sourdough toasted with salted butter and salt,,Charred tenderstem broccoli with chilli and garlic
261,Natalie Cassidy /,"Arancini balls (arangenie balls) with bolognese in truffle butter sauce, and a bacon roll with white crusty roll, salted butter, unsmoked Ginger Pig back bacon, tomato sauce, and mayo, served with dad's cup of tea","Rib-eye steak, medium, with rocket and parmesan salad with cherry tomatoes and red onion, and dauphinoise potatoes","Cheeseboard with extra mature Cornish Crunch cheddar, Stilton, Gorgonzola, Wensleydale with cranberries, dried apricots, dried figs, thin crispy crackers, cheese biscuits, and apple slices, with a glass of port",Meursault wine and dad's cup of Yorkshire Gold tea,Sparkling with a wedge of lime,Arancini balls with truffle butter sauce,,dauphinoise potatoes
262,Joe Locke /,Pau bhaji from Dishoom,Lasagna rolls from Don Angie,M&S tiramisu,Aperol Spritz,Sparkling,Oily focaccia with garlic and rosemary,,"really garlicky, citrusy broccolini"
263,Josh Widdicombe /,"Two slices of toast, granary bread, sliced thick by hand. One slice with butter and marmite, one slice with butter and marmalade.","Franco Manca pizza number five, no anchovies, with chilli instead. With side salad (parmesan, olives, sun-dried tomato).","Christmas chocolates: Lindt balls (mixed, no dark ones), After Eights, Matchmakers (mint), Celebrations, Toblerone (original flavour, traditional size).","Tea (Yorkshire, PG Tips, or Twinings). Two cups - one when sitting down, one with pudding. With milk or oat milk (silver Oatly preferred) depending on mood.",Sparkling water,"Poppadoms - 1990s style from a British Indian restaurant, with yogurt dip primarily, plus lime pickle and mango chutney to entertain them.",,saag paneer
264,Rukmini Iyer /,"Deep fried platter: pakoras (cauliflower, aubergine, potato), zucchini frittes, tempura prawns, homemade coriander chutney",Salmon with hollandaise and asparagus,Cake Mousse: chocolate cake and raspberry and passion fruit mousse layers with shaved chocolate on top,Red wine and sparkling water,Sparkling,Bread: Pain d'Épi and fluffy cube buns,,"dauphinoise, kale and buttered cabbage with crushed Sichuan peppercorns"
265,Rick Astley /,Swordfish carpaccio,Spaghetti al vongole with bottarga,Tiramisu,Antinori Chardonnay,Still,Italian bread with olive oil,,rocket and parmesan
266,Ella Purnell /,Soup dumplings (pork broth) from Joe's Shanghai in New York,Spy Kids memory burger,Doughnuts from Adventure Island in Southend-on-Sea,Diet Coke,Still (tap water),Warm sourdough with marmite butter from Heaneys in Cardiff,,cheap supermarket prawn crackers and the concept of a salad
267,Danny Dyer /,Prawn cocktail with lobster and crab sticks to dip in Marie Rose sauce,Whole leg of roast lamb with all the trimmings,Wimpy's knickerbocker glory,Ice cold lager,Sparkling,Poppadoms,,chip shop chips with curry sauce
268,Jessica Hynes /,Syrian lentil soup,"Artichoke tempura with finely chopped green salad with walnuts, baba ghanoush, and hummus, and brown rice with fried red onions","Banana split with treat fruits (papaya, mango, Sharon fruit, dragon fruit)","Sparkling water with lime, Lassi with fresh mango and kefir, alcohol-free Guinness",Sparkling,Poppadoms,,fried halloumi with sweet chilli sauce
269,Robert Popper /,50/50 cereal (cornflakes and Rice Krispies) with honey and cold oat milk,"Square steak with paprika flour crust, boiled potatoes, and green beans","Pyramid of profiteroles with cream, warm blueberry tart with lavender ice cream, and meringues",Seamower and Laross,still,Challah bread toasted,,Bowl of raw carrots
270,Sebastian Stan /,Anchovies on toast from Via Carota in New York,Spaghetti and meatballs,"Jeni's Ice Cream with multiple scoops including brownie swirl, peanut butter chocolate, and chocolate chip rocky road",Empress Gin martini with a twist,Sparkling,Naan,,fries and butter lettuce salad with pumpkin seeds and avocado
271,Olga Koch /,"Prawn cocktail with massive tiger prawns, American-style horseradish red sauce, served in a sundae glass","Lamb (xaniid) from Al Kahf, Whitechapel",Golden Gaytime ice cream cake with a Golden Gaytime on the side and a Golden Gaytini martini,Massive Dunkin' Donuts cold brew followed by the piss challenge,Blackcurrant Schorle (sparkling water mixed with blackcurrant juice),Butter dosa from CTR (Central Tiffin Room) in Bangalore and Kvass (Russian bread drink),,shopska salad
272,Derren Brown /,Lobster risotto,Perfect meatballs in tomato sauce with thick spaghetti,Apple crumble with hot custard and Charbonnel et Walker salted caramel truffle,"Tommy's Margarita to start, then Brunello di Montalcino (glass and a half), then extra dry vodka Martini with a twist","Still water, not too cold, no ice or lemon","Sourdough, warm with butter and salt",,"rocket salad with Parmesan, balsamic, olive oil"
273,Rose Matafeo (Christmas Special) /,A man making a wax figurine of a lettuce,All you can eat yum cha with various trolleys,"Australian Woman's Weekly children's cake book trolley - pool cake, train cake, Dolly Varden cake, number cakes",Spider (Coke with ice cream),"Still water, just above room temperature",Poppadoms with mango chutney and raita,"Summer salads, glazed ham, lamb, marinated fish (snapper), chop suey, taro, roast potatoes, gravy, jelly (raspberry, orange, lime, blackcurrant), fruit salad",Potato trolley with potatoes every way and all the sauces
274,Andy Zaltzman (Christmas Special) /,Six Dahi puris,Venison Wellington made by wife,"Pistachio ice cream and black fruit sorbet from Giolitti in Rome, vanilla ice cream with Pedro Ximinez sherry, followed by cheeseboard from Chez Bruce",Opium Hill tea from Mariage Frère in Paris,Sparkling water,"Two and a half poppadoms with mango chutney, sweet plum chutney, raw onion dip, hot pickle, and grasshopper sauce","Charcuterie board with hams and mozzarella, prawn and lobster risotto, Japanese salmon with fried garlic shoots in oyster sauce, chocolate and passion fruit mousse with mango fruit salad, and cheese board",whole mozzarella
275,Harris Dickinson /,"Bread, honey roast ham, marmalade and warm butter from Whyte's",Short rib ragù with sausage and pappardelle pasta with lots of Parmesan,Basque cheesecake from a Japanese patisserie on Shaftesbury Avenue,Tea (breakfast tea with one sugar or honey) and whiskey sour from a bar in New York,Sparkling (San Pellegrino),Guinness bread from Café Cecilia with whipped butter,,"Caesar salad with no anchovies on top (but anchovies in the dressing), gherkins on the side"
276,Emily Campbell /,Buttermilk breaded chicken strips and wings with honey and sriracha sauce and garlic dip,"Seafood boil with lobster, crab, king prawns, mussels, corn on the cob, potatoes, and eggs with garlic butter",New York cheesecake with berry compote and ice cream,Mango daiquiri mocktail,"Still water (orange and pineapple squash, double strength)",Warm ciabatta and focaccia bread with butter,,Baked mac and cheese
277,Mo Gilligan /,sushi,curry chicken and rice with coleslaw,"apple crumble and custard, 90% crumble with hot custard",Sarsaparilla,sparkling,bread,,ramen
278,John Kearns Tasting Menu /,Chopped liver from Panzer's with Ikea round crisp bread,"Mummy's fried plaice with olive oil and matzo meal, roast potatoes, small frozen peas, braised celery and braised carrots",Coffee and dark chocolate ice-cream from Nardulli,"Virgin Mary, no ice, plenty of Worcester sauce, slice of lemon, celery",Still water with cucumber,Heavy sourdough bread or brown bread,,"roast potatoes, small frozen peas, braised celery and braised carrots"
279,Stephen Graham /,Wonton soup from Chinatown in New York,"Lobster from Chelsea Harbour with Auntie Vera's chips, long stem broccoli with chilli and parmesan, lemon, and spinach with garlic",Mille-feuille from the Wolseley and nana's apple crumble with home-made custard,Schofield's pineapple lemonade,Still,Poppadoms,,"long stem broccoli with chilli and parmesan, and spinach with garlic"
280,Robert De Niro /,Miso Black Cod from Nobu,"Wagyu Wellington with duck brains in original duck skull, crickets, and ants","Pistachio ice cream, River Café lemon tart, and cheeseboard","Gin Martini, dry, no vermouth, with cucumber, and nice wine",still,bread,,"duck brains in the original duck's skull, crickets, and ants"
281,David Tennant /,escargot,"fancy haggis with whisky cream sauce, neeps and tatties","butterscotch Angel Delight with Mars bar chunks, and Celebrations variation",Travaglini Gattinara,still,all bread,,Roasted new potatoes with salt and chilli
282,Ellie Taylor /,"Jamón croquetas with aioli, jamón, Comté cheese, and potato skins with cheese and ham",Rigatoni with Phil's special sauce,"Chocolate milkshake from The Boathouse at Shelly Beach with Betty Crocker icing in it, and tiramisu","Red wine with main course, Yorkshire Biscuit Tea with dessert",Sparkling water with barley water added,"Warm baguette with salted butter, olive oil, and balsamic vinegar",,Kellogg's Start with cold whole milk
283,Antoni Porowski /,Arancini and mozzarella in carrozza,"Dream cheese and charcuterie board with Ibérico ham, L'Etivaz, Vermont cloth bound cheddar, Mimolette, Époisses, Stilton, bresaola, kabanos, duck rillettes, cheese curds, Castelvetrano olives, Sicilian pistachios, Marcona almonds, honeycomb, and other items",Sticky toffee pudding with caramel sauce and vanilla bean ice cream with Maldon flake salt,"Blueberry mint shrub with apple cider vinegar and soda water, Shirley temple with ginger ale/7-Up and soda water with maraschino cherries, and lemongrass soda","Still water, ice cold, New York tap water",Poppadoms with all the dips,,mac and cheese with ground beef
284,Meera Sodha /,panipuri,Sri Lankan curry and rice from Samakanda,"lemon meringue tart from River Café with whippy meringue from Elio's, blowtorched to perfection",naked and famous,"sparkling water, no ice",naan from El-Hak kebab shop,,Sliced tomatoes with crunchy salt and tarka (chonk)
285,Sally Phillips /,"Grilled lettuce with smoked butter over hay fire with edible flowers, outdoors in a glade with a spider monkey on shoulder playing Nina Simone medley on banjo",Fire-cooked fresh fish on a beach,Hot chocolate fondant with porcini mushrooms and wild strawberries on the Matterhorn at Heidi's house,"Big bucket of girl cocktail with an entirely new alcohol made from a surprising non-poisonous ingredient, brought by monkeys",Sparkling,"Basket of breads: Peshwari naan, Mother's Pride, Swedish bread with orange and cardamom, hot cross bun",,toddler veg
287,Santiago Lastra /,"Aguachile with pink snail (conch), onion, and avocado; and lobster tacos from Baja California","Bonfire lamb cooked Patagonian style with fresh tortillas, rice, beans, and salsa; also mashed potatoes and roasted purple cabbage for those who want it","Santiago's cheesecake (baked cheesecake with cookie base, condensed milk, evaporated milk, fresh cheese, vanilla, eggs, and blackberry jam on top); slice of watermelon at the after-party","Mezcal, specifically Pechuga mezcal throughout the meal and after-party",50% still water and 50% sparkling water with a dash of Sea Buckthorn juice,Khachapuri (Georgian boat-shaped bread with cheese and egg yolk) with sea urchins,,beautiful guacamole with totopos or tostadas (crispy tortillas)
288,Bridget Christie (Tasting Menu) /,Tortilla lasagne,"Christmas dinner roast with lamb, gravy, Yorkshire puddings, rice, leftover Chinese food, pigs in blankets, meatballs, stuffed vine leaves, carrots, parsnips, peas, sweetcorn, green beans, roast potatoes, hot pepper sauce, raw onion, and sloppy stuffing",Microwaved chocolate fondant with Terry's Chocolate Orange in the middle,Very cold Riesling and Coca-Cola,Still water with ice and orange and mango Robinson's squash,Poppadom with dips and onion salad,,"carrots, parsnips, peas, sweetcorn, green beans, roast potatoes, raw onion, and sloppy stuffing"
289,Jeff Goldblum /,Oysters with lemon and all the condiments,Around the world in pasta,All the desserts in a buffet,Spicy Virgin Mary,Still water with ice,Poppadoms with chutney,,"spiced up, well-cooked vegetables and a salad and some sandwiches"
297,Joanne McNally /,"Club sandwich with no bacon (CLU sandwich), with chips in the middle, and loads of mayo","Potato waffle boat filled with two-minute noodles (chicken and curry flavored), floating in a river of butter, with a goujon anchor and a Pringle sail","Tom Hardy topless on a penny farthing bike with a sidecar of desserts: macaroons, French fancies, gelato (multiple flavors), profiteroles, and chocolate biscuit cake",Pinot Grigio (ice cold) and Espresso Martini,Sparkling,"Crisps: Taytos (sour cream and onion), Banshee Bones, Wheelies, Pringles, Hot Lips, Hunky Dorys, and chilli crisps",,Coleslaw
298,James Norton /,"Best steamed asparagus in the world with best parmesan in the world, best olive oil in the world, best pine nuts in the world, and a tiny scotch egg","Wood-flame grilled halibut steak, prawns, scallops with fruity salsa and lime, on a beach in Jamaica","Chocolate cremeux with at least 80% cocoa, chilli, cacao nibs, vanilla gelato and raspberry coulis, with Americano with extra hot oat milk and Grappa",Casa Belfi bianco frizzante,Sparkling,"Steaming hot sourdough with salted butter, truffle butter, and Marmite butter",,"A salad with lettuce, avocado, seeds, pine nuts, and fries with ketchup, mayonnaise, vinegar, and Tabasco"
299,Katherine Parkinson /,mother-in-law's mackerel pâté,Dover sole off the bone with cream spinach,chocolate fondant with extra molten chocolate sauce poured on top,champagne,still water,warm walnut bread made by Meghan Markle with melty butter,,skinny chips with mayonnaise
2,Grace Dent,Beef shin ragù with freshly made tagliatelle from Trullo in Islington,Chips and curry sauce,A Religieuse (pale blue duck eggshell blue iced sponge cake) with chilled jasmine tea,Piña colada,,"Poppadoms with raita, mango chutney, mint, and lightly diced onion in silver terrines on a spinning stand",,Green beans with macadamia (or walnut) in a soy honey glaze from Little Owl in Manhattan
301,Ben Schwartz /,Sweetcorn ravioli from Capo in LA (three little pieces),Omakase made by Jiro,"Classic ice cream sundae with cookies and cream or vanilla ice cream, chocolate syrup, marshmallow syrup, cherry on top, and nuts","Old fashioned at the beginning, gin and tonic at the end",still,"Bread platter (challah, wholewheat, croissant, with butter and oils for dunking)",,Crispy okra from Kann in Portland
302,Sharon Wanjohi /,"Good bread (bruschetta) with tomatoes, olive oil, and garlic, made by an old Italian man whose son Mario is not doing well at university","Mother's cooking from summer 2007 - Kenyan food including mukimo (mash with spinach and maize), chapati, and beef stew","Fried chicken ice cream (vanilla) in a bucket with fake drumsticks, followed by a classic brownie",Strawberry Ribena (pre-sugar reduction version),Sparkling,"Hard, stiff bread with soft creamy butter (licked off a cow's udder named Penelope from Newcastle)",,congealed chips and 5.5 nuggets from the night before
303,Stevie Martin /,Full roast dinner,Nachos,Vegan apple pie with cold vegan custard,Stevie Martini and calimocho,"Sparkling water (Badoit, flat/less carbonated)",French baguette with vegan butter,,Padron pepper poppers
304,Jonny Pelham /,Spaghetti carbonara from Florence,Lamb makhani from Habib's in Bradford with chapati and pilau rice,Two sticky toffee puddings microwaved by ten-year-old self on the way home from school,Margarita from 20 Stories in Manchester,Still water,French baguette with too much butter,,fish pakora
305,Will Sharpe /,Deep-fried small fish (gavros/fritto misto) with lemon,"Kaiseki-style tray with tofu, Genmai Flakes cereal, Kellogg's Kombos cereal, pickled daikon, white fish, cold soba noodles with nori and tempura, unagi, natto, green vegetables, small piece of beef, small okonomiyaki, koala biscuits, Hello Panda, and Japanese convenience store items","Flourless chocolate torte with matcha ice cream and berries, lemon tart with vanilla ice cream and Ice Magic chocolate sauce, and a large piece of premium fruit",CC Lemon shandy with Japanese lager (Kirin),Still tap water from the mountain (wall of restaurant),"Focaccia from Olympic Provisions, Portland",,Club sandwich
306,Marian Keyes /,"Tomato and Manchego salad with coriander seed, lemon oil, sourdough croutons, basil, and spring onions",Roast butternut squash with chickpea stew and ras el hanout from Woodruff in Dublin,"Mother's trifle without the sherry, with chocolate sauce drizzled over it",,still water with lime,Treacle and Guinness bread from Hotel Europe in Killarney with Kerrygold butter,,Hassleback potatoes with Kerrygold butter and salt
3,Richard Osman,Ham and cheese toastie,"Christmas dinner from late '70s/early '80s - turkey, beef, roast potatoes, no vegetables",Mint Vienetta,Coke Zero,still,bread,,Mac and cheese
4,Nish Kumar,Lamb kebabs from The Owl and Pussycat with tomato and mint chutney,Goose and Coke-soaked ham with roast potatoes,Peach cobbler with vanilla custard from Jackson and Rye,Malbec,Still water,Poppadoms,"Goose and Coke-soaked ham with roast potatoes, served with Malbec",Roast potatoes
5,Aisling Bea,"Calamari (salt and pepper squid), battered, with aioli dip and a squeeze of lemon","Lobster from Burger and Lobster with fries, served with Kerrygold butter","Hazelnut and pecan tart (Shirley and Tim's recipe) with hazelnut mousse, roasted pecans, and glaze","Love Me Good cocktail (vermouth, cherry liqueur, whisky/rye)",Still,Sourdough bread with Kerrygold Irish butter,,a big creamy bowl of mash
88,Mae Martin,"Cornucopia of shrimp - shrimp tempura, shrimp dumplings, and fresh shrimp cocktail with red sauce","Roast lamb from New Zealand with gravy, horseradish, roast potatoes with rosemary, cauliflower cheese, and roasted broccoli with parmesan and black pepper",Pumpkin pie with whipped cream,"Whiskey soda - Jameson whiskey, soda water, and fresh lime",Still,Warm baguette with butter,,lobster mac and cheese
92,Sue Perkins,crispy duck pancakes,Southern Indian curry (beetroot curry),"Christmas pudding with brandy, ice cream, custard, and caramel - all the textures (steamed, fried, strudel, fluid gel, crisp, etc.)",Zubrowka bison grass vodka (orally) and cup of tea with skimmed milk and honey (rectally administered),still,"popadoms (karate chopped with mango chutney, or as a popadom cheese sandwich with mango chutney)",,masala dosa
93,Jessica Fostekew,"Benito box with fresh calamari, big Scottish oyster with Tabasco and trimmings, and barbecued octopus",Ian Simpson's surf and turf (fillet steak with garlic butter and prawns in shells),Lemon roulade (via great auntie Penny's recipe) with amaretto coffee,Dom Perignon champagne,sparkling,flopadoms (bendy poppadoms),,sag aloo
94,Todd Barry,Cacio y pepe with chilli flakes on the side from Via Carota,"Japanese curry (Katsu chicken) with rice, extra hot/spicy (5 out of 5)",Vanilla cake with vanilla icing,"Iced tea - half sweet tea, half unsweet tea, with lemons and a lime",Still water,Poppadoms,,fries
95,Rosie Jones,"Three hours of crisps: twiglets, pringles, bacon rashers, onion rings, salt and vinegar sticks, peanuts, cashew nuts, cheese straws, hula hoops, doritos (every flavour), NikNaks (only barbecue rib flavour), crimpy mini cheddars, pretzels, wotsits, quavers (cheese), space raiders. All in separate bowls on a rotating table with surprise snacks every 20 minutes.","Tapas: patatas bravas, bread with tomato, seafood (octopus, sardines), meatballs, chorizo, all the hams, all the cheeses, mushroom croquettas","Sweets in individual bowls: Moams, jelly babies, jelly beans, dolly mixture, strawberry laces, rainbow pencils, chocolate buttons, revels, chocolate pretzels, white chocolate mice",Espresso Martini,Still (tap water),"Poppadoms with mango chutney, raita, and the red one",,"Pork and black pudding scotch egg, hot with poppadom breading"
96,Thanyia Moore,Ackee and saltfish in a fried dumpling,"Seafood boil with crab legs, king prawns, potatoes, corn on the cob, and lashings of sauce",Cherry crumble with custard and ice cream,"New Zealand Pinot Noir with starter, Sauvignon Blanc with main","Warm lemon water (two thirds boiling water, one third cold water with ice)",Poppadom sandwich with onion salad and mango chutney,,salad or chicken wings depending on the guest
97,Munya Chawawa,"mushroom arancini, golf ball size",oxtail with rice and peas,chocolate bomb,mojito,still,cold toast with a thick layer of butter,,plantaine
161,Flo & Joan,"Bucket of fantasy olives (Halkidiki olives, meaty, some stuffed with sun-dried tomato, mushroom, garlic, chorizo) in a seaside bucket / Thinly cut steak (6-7 types: rib-eye, tenderloin, sous vide chuck tail, sirloin, sirloin tip, hanger steak with marinade, steak tartare) with salt and pepper crust and garlic butter","Iberico char siu pork with sugar skin and clay pot of rice / Selection of spicy curries (madras, jalfrezi, curry with fresh green chilli), tikka masala, with pashwari naan, pilau rice, poppadoms, all the chutneys, onion salad, lime pickle, mango chutney, and mum's spaghetti bolognese (small portion)","Bowl of stale Wotsits and stale Chipsticks / Pick-n-mix (old/slightly aged from Woolworths style shop) with Willy Wonka chocolate river teacup (pre-Gloop, with a bit of Gloop in it), fried eggs, strawberry laces, big snakes, pink bottles with white foam, Razzles, pink chocolate piggies, wine gums (old ones), berries, smiley faces, spiders/octopuses with jelly, cola bottles (traditional and cherry)","First cup of tea after being away for a long time (PG Tips teabag, specific temperature that buzzes mouth but doesn't burn) / Champagne and Steam Whistle Pilsner (champagne at start like own wedding, beer through curry, champagne at end)",Sparkling,Poppadoms / Bread with spoonfuls of butter,,green veg with butter and garlic
168,Alison Spittle,"Mystery soup (could include funeral soup, French onion, Moroccan lentil soup, ramen, or lamb and tuna soup)",Pasta cream bean dream,Passion fruit souffle from The GreenHouse with Murphy's sea salt ice cream and sweet communion wafers,Watermelon Bacardi Breezer Ice Blast,Still (tap water from Barmby Moor),"Prawn crackers with Chinese mini meals (sweet and sour chicken with pineapple, dandan noodles, curry with barbecue sauce)",,"stewed red cabbage, lamb skewers and tinned tomatoes with Worcester sauce"
169,Ania Magliano,Colin the Caterpillar face and neck,"Pad Thai from Thailand (from boxing camp, with tofu, vegetables, and peanuts)","Apple crumble at a crumble party, with custard or vanilla ice cream",Lambrusco (fizzy red wine),Sparkling (from Yo Sushi tap),Peshwari naan,,pick n mix
